Jeux,Mimicry,Ilinx,Agon,Alea,Ludus,Paidia,Mimilinx,Agal,Lupai,Groupe,JeuVideo,Semestre
Agitation,0,3,0,4,0,5,-3,-4,-5,Riflart,FALSE,A15
Agitation,1,3,0,3,0,5,-2,-3,-5,Cousin,FALSE,P16
Agitation,2,4,0,3,0,5,-2,-3,-5,Diaz,FALSE,P16
Agitation,0,3,0,3,0,5,-3,-3,-5,MT,FALSE,P16
Agitation,0,3,0,2,0,4,-3,-2,-4,Leroy,FALSE,P16
Agitation,0,5,2,4,0,5,-5,-2,-5,Roblot,FALSE,P16
Agitation,0,2,0,1,0,5,-2,-1,-5,Roquin,FALSE,P16
Alpinisme,1,5,3,3,2,0,-4,0,2,Sallez,FALSE,A15
Alpinisme,0,4,4,3,2,2,-4,1,0,Riflart,FALSE,A15
Alpinisme,0,5,4,3,1,3,-5,1,-2,Belbachir,FALSE,P17
Alpinisme,0,3,4,3,2,3,-3,1,-1,Capron,FALSE,P17
Alpinisme,0,4,3,2,2,2,-4,1,0,Dury,FALSE,P17
Alpinisme,0,5,5,4,3,3,-5,1,0,Ruffy,FALSE,P17
Alpinisme,1,4,4,3,1,3,-3,1,-2,Cousin,FALSE,P16
Alpinisme,1,4,3,2,1,0,-3,1,1,MT,FALSE,P16
Alpinisme,1,5,4,3,3,1,-4,1,2,Monserand,FALSE,P19
Alpinisme,1,4,5,4,3,2,-3,1,1,Schneider,FALSE,P19
Alpinisme,0,4,4,3,1,0,-4,1,1,A,FALSE,P19
Alpinisme,1,5,5,4,1,3,-4,1,-2,B,FALSE,P19
Alpinisme,1,4,4,3,2,1,-3,1,1,F,FALSE,P19
Alpinisme,0,4,5,3,2,2,-4,2,0,Boulmier,FALSE,A15
Alpinisme,0,5,5,3,2,2,-5,2,0,Barbier,FALSE,P17
Alpinisme,0,4,3,1,1,2,-4,2,-1,Jannin,FALSE,P17
Alpinisme,0,4,5,3,3,4,-4,2,-1,Diaz,FALSE,P16
Alpinisme,0,5,5,3,3,1,-5,2,2,D,FALSE,P19
Alpinisme,0,5,5,2,2,0,-5,3,2,Haberer,FALSE,A15
Alpinisme,1,4,5,2,2,3,-3,3,-1,Leroy,FALSE,P16
Alpinisme,0,5,5,2,2,1,-5,3,1,Roblot,FALSE,P16
Alpinisme,0,4,5,2,1,4,-4,3,-3,Roquin,FALSE,P16
Alpinisme,2,5,4,1,2,0,-3,3,2,C,FALSE,P19
Alpinisme,1,4,4,1,5,0,-3,3,5,E,FALSE,P19
ArtsDuSpectacle,4,1,2,2,1,3,3,0,-2,Haberer,FALSE,A15
Athlétisme,1,2,4,1,4,2,-1,3,2,Belbachir,FALSE,P17
Athlétisme,1,1,4,1,5,1,0,3,4,Cousin,FALSE,P16
Athlétisme,0,2,4,1,4,1,-2,3,3,Diaz,FALSE,P16
Athlétisme,0,2,5,2,5,0,-2,3,5,Roblot,FALSE,P16
Athlétisme,1,1,5,1,5,1,0,4,4,Bardwell,FALSE,A15
Athlétisme,2,4,5,1,5,1,-2,4,4,Milleret,FALSE,A15
Athlétisme,1,3,5,1,4,2,-2,4,2,Petit,FALSE,A15
Athlétisme,1,3,5,1,5,1,-2,4,4,Capron,FALSE,P17
Athlétisme,0,3,5,1,3,1,-3,4,2,Jannin,FALSE,P17
Athlétisme,1,3,5,1,5,1,-2,4,4,Ruffy,FALSE,P17
Athlétisme,1,1,5,1,5,0,0,4,5,Leroy,FALSE,P16
Athlétisme,1,1,5,1,5,1,0,4,4,MT,FALSE,P16
Athlétisme,0,3,5,0,5,1,-3,5,4,Haberer,FALSE,A15
Athlétisme,1,3,5,0,5,0,-2,5,5,Riflart,FALSE,A15
Athlétisme,0,4,5,0,3,1,-4,5,2,Barbier,FALSE,P17
Athlétisme,0,1,5,0,5,0,-1,5,5,Roquin,FALSE,P16
Attractions,0,5,0,1,2,3,-5,-1,-1,Cousin,FALSE,P16
Attractions,1,5,0,0,0,2,-4,0,-2,Haberer,FALSE,A15
Attractions,2,5,0,0,1,2,-3,0,-1,Riflart,FALSE,A15
Attractions,2,5,0,0,2,0,-3,0,2,Barbier,FALSE,P17
Attractions,1,5,0,0,2,3,-4,0,-1,Belbachir,FALSE,P17
Attractions,1,4,0,0,4,3,-3,0,1,Capron,FALSE,P17
Attractions,0,5,0,0,3,2,-5,0,1,Jannin,FALSE,P17
Attractions,0,5,0,0,5,2,-5,0,3,Ruffy,FALSE,P17
Attractions,0,5,0,0,1,1,-5,0,0,Diaz,FALSE,P16
Attractions,1,5,0,0,3,2,-4,0,1,Leroy,FALSE,P16
Attractions,1,5,0,0,3,2,-4,0,1,MT,FALSE,P16
Attractions,1,5,0,0,3,3,-4,0,0,Roquin,FALSE,P16
Attractions,1,5,1,0,2,4,-4,1,-2,Roblot,FALSE,P16
Bagarre,2,2,3,4,0,5,0,-1,-5,Cousin,FALSE,P16
Bagarre,1,5,3,3,1,5,-4,0,-4,Ruffy,FALSE,P17
Bagarre,1,5,4,3,0,5,-4,1,-5,Barbier,FALSE,P17
Bagarre,3,4,4,3,0,5,-1,1,-5,Belbachir,FALSE,P17
Bagarre,2,3,4,3,1,4,-1,1,-3,Jannin,FALSE,P17
Bagarre,4,4,4,3,1,4,0,1,-3,Leroy,FALSE,P16
Bagarre,1,3,3,2,1,5,-2,1,-4,MT,FALSE,P16
Bagarre,0,5,5,4,0,5,-5,1,-5,Roblot,FALSE,P16
Bagarre,2,4,5,3,0,4,-2,2,-4,RECOD,FALSE,A15
Bagarre,1,3,5,3,0,5,-2,2,-5,Capron,FALSE,P17
Bagarre,3,4,5,3,0,5,-1,2,-5,Diaz,FALSE,P16
Bagarre,1,2,3,1,0,5,-1,2,-5,Roquin,FALSE,P16
Bagarre,2,5,3,0,0,5,-3,3,-5,C,FALSE,P19
Balançoire,1,4,0,2,2,4,-3,-2,-2,Sallez,FALSE,A15
Balançoire,0,4,0,1,1,4,-4,-1,-3,Bardwell,FALSE,A15
Balançoire,0,4,1,2,1,3,-4,-1,-2,Belbachir,FALSE,P17
Balançoire,1,2,0,1,0,2,-1,-1,-2,Diaz,FALSE,P16
Balançoire,0,5,1,1,0,2,-5,0,-2,Haberer,FALSE,A15
Balançoire,0,2,0,0,2,2,-2,0,0,Barbier,FALSE,P17
Balançoire,0,1,1,1,0,3,-1,0,-3,Capron,FALSE,P17
Balançoire,0,1,0,0,1,0,-1,0,1,Ruffy,FALSE,P17
Balançoire,0,4,0,0,2,3,-4,0,-1,MT,FALSE,P16
Balançoire,0,5,0,0,5,0,-5,0,5,C,FALSE,P19
Balançoire,0,2,1,0,0,2,-2,1,-2,Jannin,FALSE,P17
Balançoire,0,4,2,1,3,3,-4,1,0,Cousin,FALSE,P16
Balançoire,1,2,1,0,0,1,-1,1,-1,Leroy,FALSE,P16
Balançoire,0,3,1,0,0,0,-3,1,0,Roquin,FALSE,P16
Balançoire,2,3,3,1,1,3,-1,2,-2,Roblot,FALSE,P16
Billard,1,0,4,3,4,0,1,1,4,Sallez,FALSE,A15
Billard,0,1,5,3,5,0,-1,2,5,Edus,FALSE,A15
Billard,0,0,5,3,5,0,0,2,5,Haberer,FALSE,A15
Billard,0,2,4,2,4,2,-2,2,2,Milleret,FALSE,A15
Billard,0,1,3,1,4,1,-1,2,3,Jannin,FALSE,P17
Billard,0,0,4,2,5,3,0,2,2,Leroy,FALSE,P16
Billard,0,2,4,2,4,0,-2,2,4,Roblot,FALSE,P16
Billard,0,0,4,1,5,0,0,3,5,Barbier,FALSE,P17
Billard,0,2,4,1,5,3,-2,3,2,Ruffy,FALSE,P17
Billard,1,0,5,2,5,0,1,3,5,Cousin,FALSE,P16
Billard,0,0,5,2,4,1,0,3,3,Diaz,FALSE,P16
Billard,0,1,5,1,5,0,-1,4,5,Petit,FALSE,A15
Billard,1,0,5,1,5,0,1,4,5,Riflart,FALSE,A15
Billard,0,0,5,1,5,0,0,4,5,MT,FALSE,P16
Billard,0,0,5,0,5,2,0,5,3,Capron,FALSE,P17
Billard,0,0,5,0,5,0,0,5,5,Roquin,FALSE,P16
Boxe,0,4,4,3,4,2,-4,1,2,Jannin,FALSE,P17
Boxe,2,5,5,4,4,2,-3,1,2,D,FALSE,P19
Boxe,2,5,4,2,3,1,-3,2,2,Ruffy,FALSE,P17
Boxe,0,5,4,2,4,4,-5,2,0,Schneider,FALSE,P19
Boxe,1,5,4,2,4,1,-4,2,3,B,FALSE,P19
Boxe,2,2,4,2,4,1,0,2,3,F,FALSE,P19
Boxe,2,3,4,1,5,1,-1,3,4,Bardwell,FALSE,A15
Boxe,2,3,4,1,4,1,-1,3,3,Milleret,FALSE,A15
Boxe,2,4,4,1,5,1,-2,3,4,A,FALSE,P19
Boxe,0,5,4,1,5,2,-5,3,3,C,FALSE,P19
Boxe,2,3,5,1,5,1,-1,4,4,Sallez,FALSE,A15
Boxe,0,4,5,1,4,1,-4,4,3,Barbier,FALSE,P17
Boxe,1,3,5,1,5,1,-2,4,4,Capron,FALSE,P17
Boxe,1,3,5,1,5,1,-2,4,4,Cousin,FALSE,P16
Boxe,3,2,5,1,4,4,1,4,0,Leroy,FALSE,P16
Boxe,2,2,5,1,5,2,0,4,3,MT,FALSE,P16
Boxe,1,4,5,1,4,1,-3,4,3,Roblot,FALSE,P16
Boxe,1,4,5,1,5,3,-3,4,2,E,FALSE,P19
Boxe,1,3,5,0,4,1,-2,5,3,Boulmier,FALSE,A15
Boxe,1,3,5,0,5,3,-2,5,2,Haberer,FALSE,A15
Boxe,1,4,5,0,4,0,-3,5,4,Petit,FALSE,A15
Boxe,2,4,5,0,5,1,-2,5,4,Riflart,FALSE,A15
Boxe,2,4,5,0,4,1,-2,5,3,Diaz,FALSE,P16
Boxe,2,2,5,0,5,0,0,5,5,Roquin,FALSE,P16
Boxe,2,3,5,0,5,2,-1,5,3,Monserand,FALSE,P19
Candy Crush,0,1,1,4,5,0,-1,-3,5,Jannin,TRUE,P17
Candy Crush,1,1,1,4,5,0,0,-3,5,Cousin,TRUE,P16
Candy Crush,0,2,1,3,3,1,-2,-2,2,Ruffy,TRUE,P17
Candy Crush,0,0,2,4,5,1,0,-2,4,C,TRUE,P19
Candy Crush,0,1,3,4,4,0,-1,-1,4,Chenesseau,TRUE,A15
Candy Crush,0,0,2,3,5,0,0,-1,5,Haberer,TRUE,A15
Candy Crush,0,0,2,3,5,0,0,-1,5,Capron,TRUE,P17
Candy Crush,2,0,2,3,5,1,2,-1,4,Leroy,TRUE,P16
Candy Crush,1,1,3,4,5,1,0,-1,4,Roblot,TRUE,P16
Candy Crush,1,2,3,3,3,1,-1,0,2,Belbachir,TRUE,P17
Candy Crush,2,0,3,3,5,1,2,0,4,MT,TRUE,P16
Candy Crush,0,0,3,2,4,0,0,1,4,Barbier,TRUE,P17
Candy Crush,0,2,5,4,5,0,-2,1,5,Diaz,TRUE,P16
Candy Crush,0,0,3,2,5,0,0,1,5,Roquin,TRUE,P16
Cerf-volant,0,1,0,4,0,4,-1,-4,-4,Diaz,FALSE,P16
Cerf-volant,1,3,1,4,0,3,-2,-3,-3,Sallez,FALSE,A15
Cerf-volant,3,4,0,3,0,3,-1,-3,-3,Roblot,FALSE,P16
Cerf-volant,0,2,2,4,1,3,-2,-2,-2,Gaye,FALSE,A15
Cerf-volant,2,3,2,4,1,4,-1,-2,-3,Barbier,FALSE,P17
Cerf-volant,1,1,3,4,1,1,0,-1,0,Chenesseau,FALSE,A15
Cerf-volant,0,4,2,3,0,2,-4,-1,-2,Milleret,FALSE,A15
Cerf-volant,0,1,2,3,1,4,-1,-1,-3,Petit,FALSE,A15
Cerf-volant,0,2,2,3,1,3,-2,-1,-2,Riflart,FALSE,A15
Cerf-volant,2,2,3,4,2,3,0,-1,-1,Capron,FALSE,P17
Cerf-volant,1,2,2,3,0,4,-1,-1,-4,Leroy,FALSE,P16
Cerf-volant,2,3,2,3,1,3,-1,-1,-2,MT,FALSE,P16
Cerf-volant,0,1,2,3,0,5,-1,-1,-5,Roquin,FALSE,P16
Cerf-volant,1,3,3,3,3,4,-2,0,-1,Ruffy,FALSE,P17
Cerf-volant,0,1,2,2,0,4,-1,0,-4,Cousin,FALSE,P16
Cerf-volant,0,1,3,2,0,1,-1,1,-1,Edus,FALSE,A15
Civilization,5,1,3,2,4,2,4,1,2,Leroy,TRUE,P16
Civilization,3,1,4,2,5,0,2,2,5,Chenesseau,TRUE,A15
Civilization,4,3,4,2,4,2,1,2,1,Barbier,TRUE,P17
Civilization,4,0,4,2,4,1,4,2,0,Belbachir,TRUE,P17
Civilization,4,1,4,2,4,1,3,2,0,Capron,TRUE,P17
Civilization,4,2,4,2,5,3,2,2,2,Ruffy,TRUE,P17
Civilization,4,1,5,3,5,3,3,2,2,Diaz,TRUE,P16
Civilization,5,0,4,2,5,0,5,2,5,MT,TRUE,P16
Civilization,5,1,4,2,5,0,4,2,5,Roblot,TRUE,P16
Civilization,3,0,3,1,4,1,3,2,3,C,TRUE,P19
Civilization,4,0,4,1,5,0,4,3,5,Haberer,TRUE,A15
Civilization,4,0,4,1,5,1,4,3,4,Cousin,TRUE,P16
Civilization,3,0,3,0,5,0,3,3,5,Roquin,TRUE,P16
Comptines,4,0,0,2,0,5,4,-2,-5,Riflart,FALSE,A15
Comptines,4,2,0,2,0,5,2,-2,-5,Sallez,FALSE,A15
Comptines,3,0,0,1,2,5,3,-1,-3,Barbier,FALSE,P17
Comptines,3,1,0,0,0,3,2,0,-3,Haberer,FALSE,A15
Comptines,3,0,0,0,0,4,3,0,-4,Petit,FALSE,A15
Comptines,4,0,0,0,1,3,4,0,-2,Capron,FALSE,P17
Comptines,2,0,0,0,2,2,2,0,0,MT,FALSE,P16
Comptines,5,0,0,0,1,2,5,0,-1,Roquin,FALSE,P16
Comptines,4,0,1,0,1,1,4,1,0,Ruffy,FALSE,P17
Comptines,3,0,2,1,1,3,3,1,-2,Cousin,FALSE,P16
Comptines,3,0,1,0,2,3,3,1,-1,Leroy,FALSE,P16
Comptines,4,2,1,0,1,2,2,1,-1,Roblot,FALSE,P16
Comptines,1,0,1,0,5,0,1,1,5,C,FALSE,P19
Comptines,2,1,3,0,3,2,1,3,1,Diaz,FALSE,P16
Courses,1,3,5,2,1,4,-2,3,-3,RECOD,FALSE,A15
Dames,1,1,3,0,5,0,0,3,5,Ruffy,FALSE,P17
Dames,0,0,5,0,5,0,0,5,5,Haberer,FALSE,A15
Dames,1,0,5,0,5,0,1,5,5,Riflart,FALSE,A15
Dames,1,0,5,0,5,0,1,5,5,Sallez,FALSE,A15
Dames,0,2,5,0,5,0,-2,5,5,Barbier,FALSE,P17
Dames,0,0,5,0,5,0,0,5,5,Capron,FALSE,P17
Dames,1,0,5,0,5,0,1,5,5,Cousin,FALSE,P16
Dames,1,0,5,0,5,0,1,5,5,Diaz,FALSE,P16
Dames,2,0,5,0,5,0,2,5,5,Leroy,FALSE,P16
Dames,1,0,5,0,5,0,1,5,5,MT,FALSE,P16
Dames,0,1,5,0,5,0,-1,5,5,Roblot,FALSE,P16
Dames,0,0,5,0,5,0,0,5,5,Roquin,FALSE,P16
Dark Souls,4,5,5,4,2,2,-1,1,0,D,TRUE,P19
Dark Souls,4,3,4,3,5,1,1,1,4,E,TRUE,P19
Dark Souls,4,3,3,1,4,1,1,2,3,Schneider,TRUE,P19
Dark Souls,4,5,5,3,4,3,-1,2,1,B,TRUE,P19
Dark Souls,2,4,5,2,5,1,-2,3,4,Monserand,TRUE,P19
Dark Souls,4,3,5,2,4,1,1,3,3,C,TRUE,P19
Dark Souls,3,3,5,1,5,0,0,4,5,A,TRUE,P19
Déguisement,4,0,0,2,0,5,4,-2,-5,Gaye,FALSE,A15
Déguisement,4,0,0,2,1,4,4,-2,-3,Riflart,FALSE,A15
Déguisement,5,0,0,2,0,2,5,-2,-2,Leroy,FALSE,P16
Déguisement,5,0,0,2,0,2,5,-2,-2,MT,FALSE,P16
Déguisement,5,0,0,0,0,4,5,0,-4,Haberer,FALSE,A15
Déguisement,5,0,0,0,1,5,5,0,-4,Barbier,FALSE,P17
Déguisement,5,0,0,0,0,5,5,0,-5,Cousin,FALSE,P16
Déguisement,5,1,0,0,0,4,4,0,-4,Roblot,FALSE,P16
Déguisement,5,0,0,0,0,5,5,0,-5,Roquin,FALSE,P16
Déguisement,5,2,2,0,2,5,3,2,-3,Ruffy,FALSE,P17
Déguisement,5,0,2,0,0,5,5,2,-5,Diaz,FALSE,P16
Déguisement,5,1,3,0,2,5,4,3,-3,Capron,FALSE,P17
Echecs,1,0,5,0,5,0,1,5,5,Monserand,FALSE,P19
Echecs,1,0,5,0,5,0,1,5,5,Schneider,FALSE,P19
Echecs,1,0,5,0,5,0,1,5,5,A,FALSE,P19
Echecs,1,0,5,0,5,0,1,5,5,B,FALSE,P19
Echecs,1,0,5,0,5,0,1,5,5,C,FALSE,P19
Echecs,1,0,5,0,5,0,1,5,5,D,FALSE,P19
Echecs,1,0,5,0,5,0,1,5,5,E,FALSE,P19
Echecs,1,0,5,0,5,0,1,5,5,F,FALSE,P19
Echecs,1,0,5,0,5,0,1,5,5,Classe,FALSE,A15
Echecs,1,0,5,0,5,0,1,5,5,Haberer,FALSE,A15
Echecs,1,0,5,0,5,0,1,5,5,Riflart,FALSE,A15
Echecs,0,1,5,0,5,0,-1,5,5,Barbier,FALSE,P17
Echecs,1,0,5,0,5,0,1,5,5,Capron,FALSE,P17
Echecs,1,1,5,0,5,1,0,5,4,Ruffy,FALSE,P17
Echecs,1,0,5,0,5,0,1,5,5,Cousin,FALSE,P16
Echecs,1,0,5,0,5,0,1,5,5,Diaz,FALSE,P16
Echecs,1,0,5,0,5,0,1,5,5,Leroy,FALSE,P16
Echecs,1,0,5,0,5,0,1,5,5,MT,FALSE,P16
Echecs,1,0,5,0,5,0,1,5,5,Roblot,FALSE,P16
Echecs,1,0,5,0,5,0,1,5,5,Roquin,FALSE,P16
Escrime,0,3,3,1,1,2,-3,2,-1,Jannin,FALSE,P17
Escrime,2,3,4,2,5,0,-1,2,5,Schneider,FALSE,P19
Escrime,1,5,5,3,5,1,-4,2,4,B,FALSE,P19
Escrime,2,1,4,1,4,2,1,3,2,Capron,FALSE,P17
Escrime,2,3,4,1,4,3,-1,3,1,Ruffy,FALSE,P17
Escrime,1,0,4,1,5,1,1,3,4,Cousin,FALSE,P16
Escrime,1,1,4,1,5,3,0,3,2,Leroy,FALSE,P16
Escrime,3,4,5,2,5,2,-1,3,3,Roblot,FALSE,P16
Escrime,3,2,5,1,5,0,1,4,5,Sallez,FALSE,A15
Escrime,3,3,5,1,4,0,0,4,4,Barbier,FALSE,P17
Escrime,1,2,4,0,4,1,-1,4,3,Dury,FALSE,P17
Escrime,2,2,5,1,5,1,0,4,4,MT,FALSE,P16
Escrime,1,4,5,0,5,0,-3,5,5,Gaye,FALSE,A15
Escrime,2,2,5,0,5,1,0,5,4,Haberer,FALSE,A15
Escrime,3,2,5,0,5,0,1,5,5,Riflart,FALSE,A15
Escrime,4,4,5,0,5,0,0,5,5,Diaz,FALSE,P16
Escrime,2,1,5,0,5,0,1,5,5,Roquin,FALSE,P16
Escrime,1,4,5,0,5,0,-3,5,5,C,FALSE,P19
FF7,3,1,2,2,5,3,2,0,2,Petit,TRUE,A15
FF7,4,4,3,3,5,2,0,0,3,Ruffy,TRUE,P17
FF7,5,1,3,2,4,0,4,1,4,Bardwell,TRUE,A15
FF7,5,2,4,3,5,0,3,1,5,Chenesseau,TRUE,A15
FF7,4,1,3,2,4,1,3,1,3,Haberer,TRUE,A15
FF7,3,1,3,2,3,3,2,1,0,Barbier,TRUE,P17
FF7,4,0,4,3,5,1,4,1,4,Cousin,TRUE,P16
FF7,5,0,3,2,5,1,5,1,4,MT,TRUE,P16
FF7,5,2,4,3,5,2,3,1,3,Roblot,TRUE,P16
FF7,3,0,3,2,4,2,3,1,2,Roquin,TRUE,P16
FF7,4,1,4,2,4,2,3,2,2,Boulmier,TRUE,A15
FF7,3,2,3,1,5,2,1,2,3,Dury,TRUE,P17
FF7,4,1,5,3,5,2,3,2,3,Diaz,TRUE,P16
FF7,4,1,4,2,5,3,3,2,2,Leroy,TRUE,P16
FF7,5,2,4,2,4,1,3,2,3,B,TRUE,P19
FF7,5,3,3,1,5,0,2,2,5,D,TRUE,P19
FF7,4,2,4,1,3,2,2,3,1,Capron,TRUE,P17
FF7,4,2,5,1,5,0,2,4,5,Riflart,TRUE,A15
FIFA,2,2,3,2,4,3,0,1,1,Ruffy,TRUE,P17
FIFA,4,0,3,2,5,3,4,1,2,Leroy,TRUE,P16
FIFA,5,2,4,2,5,0,3,2,5,Bardwell,TRUE,A15
FIFA,2,1,4,2,4,2,1,2,2,Haberer,TRUE,A15
FIFA,4,2,4,2,4,3,2,2,1,Capron,TRUE,P17
FIFA,5,2,4,2,5,0,3,2,5,Dury,TRUE,P17
FIFA,3,0,4,2,4,1,3,2,3,Roquin,TRUE,P16
FIFA,2,2,4,2,4,2,0,2,2,C,TRUE,P19
FIFA,4,3,4,1,4,2,1,3,2,Chenesseau,TRUE,A15
FIFA,3,2,4,1,5,1,1,3,4,Petit,TRUE,A15
FIFA,3,2,3,0,4,1,1,3,3,Barbier,TRUE,P17
FIFA,4,3,3,0,5,0,1,3,5,Diaz,TRUE,P16
FIFA,5,1,5,2,5,0,4,3,5,MT,TRUE,P16
FIFA,5,2,5,2,5,2,3,3,3,Roblot,TRUE,P16
FIFA,3,1,5,1,5,2,2,4,3,Cousin,TRUE,P16
FlightSim,5,4,0,0,5,1,1,0,4,Edus,TRUE,A15
FlightSim,5,3,0,0,5,2,2,0,3,Dury,TRUE,P17
FlightSim,4,0,2,2,5,2,4,0,3,MT,TRUE,P16
FlightSim,5,2,1,0,5,0,3,1,5,Riflart,TRUE,A15
FlightSim,5,3,2,1,4,1,2,1,3,Roblot,TRUE,P16
FlightSim,5,1,3,1,5,0,4,2,5,Haberer,TRUE,A15
FlightSim,4,3,3,1,4,2,1,2,2,Capron,TRUE,P17
FlightSim,5,1,3,1,5,1,4,2,4,Diaz,TRUE,P16
FlightSim,4,2,3,0,3,3,2,3,0,Ruffy,TRUE,P17
FlightSim,4,2,4,1,5,5,2,3,0,Cousin,TRUE,P16
FlightSim,5,2,3,0,5,2,3,3,3,Leroy,TRUE,P16
FlightSim,4,2,4,1,5,0,2,3,5,Roquin,TRUE,P16
FlightSim,5,2,5,1,4,3,3,4,1,Barbier,TRUE,P17
FlightSim,5,2,5,1,5,1,3,4,4,C,TRUE,P19
Football,3,2,2,3,4,2,1,-1,2,Leroy,FALSE,P16
Football,3,4,3,2,4,2,-1,1,2,Barbier,FALSE,P17
Football,3,3,4,2,4,3,0,2,1,Ruffy,FALSE,P17
Football,2,1,3,1,5,1,1,2,4,Roquin,FALSE,P16
Football,2,2,4,2,5,2,0,2,3,Monserand,FALSE,P19
Football,2,2,4,2,5,1,0,2,4,Schneider,FALSE,P19
Football,2,2,4,2,5,2,0,2,3,B,FALSE,P19
Football,2,2,4,2,5,2,0,2,3,D,FALSE,P19
Football,2,2,4,2,5,1,0,2,4,E,FALSE,P19
Football,2,2,4,2,5,1,0,2,4,F,FALSE,P19
Football,2,2,4,1,5,1,0,3,4,Classe,FALSE,A15
Football,2,2,4,1,5,1,0,3,4,Riflart,FALSE,A15
Football,2,2,4,1,5,1,0,3,4,Capron,FALSE,P17
Football,1,3,5,2,4,2,-2,3,2,Dury,FALSE,P17
Football,2,1,4,1,5,1,1,3,4,Cousin,FALSE,P16
Football,2,1,4,1,5,1,1,3,4,Diaz,FALSE,P16
Football,2,2,5,2,5,0,0,3,5,MT,FALSE,P16
Football,2,2,5,2,5,1,0,3,4,Roblot,FALSE,P16
Football,2,2,4,1,5,1,0,3,4,A,FALSE,P19
Football,2,2,4,1,5,1,0,3,4,C,FALSE,P19
Football,0,1,5,0,5,4,-1,5,1,Haberer,FALSE,A15
FootballManager,4,0,5,2,5,1,4,3,4,Haberer,TRUE,A15
FootballManager,4,0,3,2,5,0,4,1,5,MT,TRUE,P16
Fortnite,4,3,4,4,5,1,1,0,4,E,TRUE,P19
Fortnite,2,3,4,3,2,3,-1,1,-1,Monserand,TRUE,P19
Fortnite,2,3,4,3,4,3,-1,1,1,Schneider,TRUE,P19
Fortnite,3,4,4,3,4,3,-1,1,1,B,TRUE,P19
Fortnite,4,3,4,3,4,4,1,1,0,D,TRUE,P19
Fortnite,1,3,4,3,3,3,-2,1,0,F,TRUE,P19
Fortnite,3,3,4,2,5,1,0,2,4,A,TRUE,P19
Fortnite,3,3,5,3,1,4,0,2,-3,C,TRUE,P19
FouRire,0,5,0,5,0,3,-5,-5,-3,Ruffy,FALSE,P17
FouRire,0,4,0,4,0,5,-4,-4,-5,Cousin,FALSE,P16
FouRire,0,2,0,4,0,5,-2,-4,-5,Diaz,FALSE,P16
FouRire,0,3,0,3,0,5,-3,-3,-5,MT,FALSE,P16
FouRire,0,5,0,3,0,5,-5,-3,-5,Roblot,FALSE,P16
FouRire,0,4,0,2,0,4,-4,-2,-4,Riflart,FALSE,A15
FouRire,0,3,0,2,0,5,-3,-2,-5,Capron,FALSE,P17
FouRire,0,4,0,2,0,4,-4,-2,-4,Dury,FALSE,P17
FouRire,0,0,0,1,0,5,0,-1,-5,Barbier,FALSE,P17
FouRire,0,2,0,1,0,5,-2,-1,-5,Leroy,FALSE,P16
FouRire,0,3,0,1,0,5,-3,-1,-5,Roquin,FALSE,P16
GTAV,5,2,3,5,1,5,3,-2,-4,Schneider,TRUE,P19
GTAV,5,2,3,4,1,5,3,-1,-4,Bardwell,TRUE,A15
GTAV,5,1,2,3,3,2,4,-1,1,Chenesseau,TRUE,A15
GTAV,3,4,2,3,3,3,-1,-1,0,Edus,TRUE,A15
GTAV,4,3,2,3,2,3,1,-1,-1,Haberer,TRUE,A15
GTAV,2,2,1,2,4,4,0,-1,0,Petit,TRUE,A15
GTAV,4,3,2,3,5,3,1,-1,2,Riflart,TRUE,A15
GTAV,4,2,2,3,2,4,2,-1,-2,Dury,TRUE,P17
GTAV,5,1,2,3,1,4,4,-1,-3,A,TRUE,P19
GTAV,4,2,2,3,2,4,2,-1,-2,D,TRUE,P19
GTAV,5,2,3,3,1,5,3,0,-4,Capron,TRUE,P17
GTAV,4,2,1,1,1,5,2,0,-4,Monserand,TRUE,P19
GTAV,5,3,3,3,2,5,2,0,-3,B,TRUE,P19
GTAV,4,3,3,3,1,4,1,0,-3,C,TRUE,P19
GTAV,3,3,3,2,3,5,0,1,-2,Boulmier,TRUE,A15
GTAV,4,1,2,1,2,4,3,1,-2,Barbier,TRUE,P17
GTAV,4,4,3,2,3,5,0,1,-2,Ruffy,TRUE,P17
GTAV,5,3,4,3,5,5,2,1,0,Cousin,TRUE,P16
GTAV,5,1,3,2,5,3,4,1,2,MT,TRUE,P16
GTAV,4,3,2,1,5,4,1,1,1,Roblot,TRUE,P16
GTAV,4,2,3,2,3,3,2,1,0,Roquin,TRUE,P16
GTAV,4,3,3,2,3,3,1,1,0,E,TRUE,P19
GTAV,4,2,2,1,3,3,2,1,0,F,TRUE,P19
GTAV,5,1,4,2,5,5,4,2,0,Diaz,TRUE,P16
GTAV,5,2,3,1,3,4,3,2,-1,Leroy,TRUE,P16
ImitationsEnfantines,5,0,0,5,0,5,5,-5,-5,Cousin,FALSE,P16
ImitationsEnfantines,5,3,0,4,1,4,2,-4,-3,Riflart,FALSE,A15
ImitationsEnfantines,5,1,0,4,2,5,4,-4,-3,Diaz,FALSE,P16
ImitationsEnfantines,5,1,0,3,1,5,4,-3,-4,Sallez,FALSE,A15
ImitationsEnfantines,5,2,0,2,1,4,3,-2,-3,Haberer,FALSE,A15
ImitationsEnfantines,5,2,0,2,0,5,3,-2,-5,Dury,FALSE,P17
ImitationsEnfantines,4,0,0,2,0,5,4,-2,-5,MT,FALSE,P16
ImitationsEnfantines,5,0,0,2,0,5,5,-2,-5,Roquin,FALSE,P16
ImitationsEnfantines,5,0,2,3,1,5,5,-1,-4,Barbier,FALSE,P17
ImitationsEnfantines,4,1,3,4,0,4,3,-1,-4,Capron,FALSE,P17
ImitationsEnfantines,5,0,0,1,1,5,5,-1,-4,Leroy,FALSE,P16
ImitationsEnfantines,5,0,0,1,2,3,5,-1,-1,Roblot,FALSE,P16
ImitationsEnfantines,5,3,4,2,2,4,2,2,-2,Ruffy,FALSE,P17
JeuxIllusion,4,2,0,4,1,4,2,-4,-3,Riflart,FALSE,A15
JeuxIllusion,5,2,0,3,1,3,3,-3,-2,Sallez,FALSE,A15
JeuxIllusion,4,0,0,1,1,4,4,-1,-3,Haberer,FALSE,A15
JustDance,4,1,1,0,1,4,3,1,-3,Barbier,TRUE,P17
JustDance,4,1,3,2,3,1,3,1,2,Dury,TRUE,P17
JustDance,4,2,3,2,4,1,2,1,3,Roblot,TRUE,P16
JustDance,4,0,3,2,3,1,4,1,2,Roquin,TRUE,P16
JustDance,4,3,4,2,3,2,1,2,1,Chenesseau,TRUE,A15
JustDance,5,5,5,3,3,0,0,2,3,Edus,TRUE,A15
JustDance,5,2,3,1,3,4,3,2,-1,Capron,TRUE,P17
JustDance,4,4,3,1,4,4,0,2,0,Ruffy,TRUE,P17
JustDance,4,1,3,1,5,2,3,2,3,Leroy,TRUE,P16
JustDance,4,3,4,1,4,2,1,3,2,Cousin,TRUE,P16
JustDance,4,2,4,1,5,3,2,3,2,MT,TRUE,P16
JustDance,4,2,3,0,5,0,2,3,5,C,TRUE,P19
JustDance,4,2,4,0,5,4,2,4,1,Diaz,TRUE,P16
JustDance,2,3,5,0,5,0,-1,5,5,Haberer,TRUE,A15
JustDance,3,2,5,0,2,3,1,5,-1,Jannin,TRUE,P17
Loteries,0,1,0,5,5,0,-1,-5,5,Boulmier,FALSE,A15
Loteries,0,1,0,5,5,0,-1,-5,5,Gaye,FALSE,A15
Loteries,0,3,0,5,5,0,-3,-5,5,Haberer,FALSE,A15
Loteries,0,1,0,5,5,0,-1,-5,5,Riflart,FALSE,A15
Loteries,0,3,0,5,1,0,-3,-5,1,Barbier,FALSE,P17
Loteries,0,4,0,5,5,3,-4,-5,2,Capron,FALSE,P17
Loteries,0,4,0,5,5,0,-4,-5,5,Dury,FALSE,P17
Loteries,0,4,0,5,2,0,-4,-5,2,Ruffy,FALSE,P17
Loteries,1,4,0,5,5,0,-3,-5,5,Cousin,FALSE,P16
Loteries,0,0,0,5,5,0,0,-5,5,Diaz,FALSE,P16
Loteries,0,1,0,5,5,0,-1,-5,5,Leroy,FALSE,P16
Loteries,0,2,0,5,5,1,-2,-5,4,MT,FALSE,P16
Loteries,0,3,0,5,5,0,-3,-5,5,Roblot,FALSE,P16
Loteries,0,0,0,5,5,0,0,-5,5,Roquin,FALSE,P16
Luttes,0,2,5,0,5,1,-2,5,4,Haberer,FALSE,A15
Manège,2,5,0,2,3,3,-3,-2,0,Dury,FALSE,P17
Manège,3,3,0,1,4,2,0,-1,2,RECOD,FALSE,A15
Manège,2,4,0,1,2,4,-2,-1,-2,Capron,FALSE,P17
Manège,2,3,0,1,2,0,-1,-1,2,Ruffy,FALSE,P17
Manège,2,5,0,0,2,0,-3,0,2,Barbier,FALSE,P17
Manège,3,2,0,0,1,1,1,0,0,Diaz,FALSE,P16
Manège,2,3,0,0,3,2,-1,0,1,MT,FALSE,P16
Manège,2,4,0,0,3,1,-2,0,2,Roquin,FALSE,P16
Manège,3,4,1,0,3,1,-1,1,2,Cousin,FALSE,P16
Manège,3,2,1,0,2,1,1,1,1,Leroy,FALSE,P16
Manège,3,2,1,0,4,1,1,1,3,Roblot,FALSE,P16
Marchande,5,0,0,3,1,5,5,-3,-4,Classe,FALSE,A15
Marchande,5,0,0,3,1,5,5,-3,-4,Capron,FALSE,P17
Marchande,5,1,0,3,1,5,4,-3,-4,Cousin,FALSE,P16
Marchande,5,0,0,3,1,5,5,-3,-4,Monserand,FALSE,P19
Marchande,5,0,0,3,1,5,5,-3,-4,A,FALSE,P19
Marchande,5,0,0,3,1,5,5,-3,-4,C,FALSE,P19
Marchande,5,0,0,3,1,5,5,-3,-4,F,FALSE,P19
Marchande,5,0,0,2,0,2,5,-2,-2,MT,FALSE,P16
Marchande,5,0,0,2,1,3,5,-2,-2,B,FALSE,P19
Marchande,5,0,0,2,1,3,5,-2,-2,D,FALSE,P19
Marchande,5,0,0,1,0,4,5,-1,-4,Diaz,FALSE,P16
Marchande,5,0,0,1,0,4,5,-1,-4,Leroy,FALSE,P16
Marchande,5,0,0,1,0,4,5,-1,-4,Roblot,FALSE,P16
Marchande,5,0,0,1,1,5,5,-1,-4,Roquin,FALSE,P16
Marchande,5,0,1,1,1,4,5,0,-3,Schneider,FALSE,P19
Marchande,5,0,1,1,1,4,5,0,-3,E,FALSE,P19
MarioKart,3,2,3,4,3,3,1,-1,0,Jannin,TRUE,P17
MarioKart,2,2,3,4,3,5,0,-1,-2,Schneider,TRUE,P19
MarioKart,3,3,4,4,2,5,0,0,-3,Capron,TRUE,P17
MarioKart,4,4,4,4,4,4,0,0,0,Ruffy,TRUE,P17
MarioKart,3,3,5,5,5,3,0,0,2,Cousin,TRUE,P16
MarioKart,4,2,4,4,5,3,2,0,2,Leroy,TRUE,P16
MarioKart,3,3,4,4,5,4,0,0,1,MT,TRUE,P16
MarioKart,3,3,3,3,4,3,0,0,1,C,TRUE,P19
MarioKart,3,4,4,3,3,2,-1,1,1,Bardwell,TRUE,A15
MarioKart,3,3,4,3,4,2,0,1,2,Chenesseau,TRUE,A15
MarioKart,2,3,5,4,2,3,-1,1,-1,Edus,TRUE,A15
MarioKart,2,3,4,3,5,4,-1,1,1,Haberer,TRUE,A15
MarioKart,2,2,4,3,2,3,0,1,-1,Barbier,TRUE,P17
MarioKart,2,0,4,3,3,2,2,1,1,Roquin,TRUE,P16
MarioKart,3,2,4,2,4,3,1,2,1,Dury,TRUE,P17
MarioKart,2,3,4,2,5,3,-1,2,2,Diaz,TRUE,P16
MarioKart,3,4,5,3,4,3,-1,2,1,Roblot,TRUE,P16
Masque,5,0,0,3,1,5,5,-3,-4,Sallez,FALSE,A15
Masque,5,0,0,0,0,4,5,0,-4,Haberer,FALSE,A15
Minecraft,0,0,0,2,0,0,0,-2,0,Edus,TRUE,A15
Minecraft,4,3,2,4,3,5,1,-2,-2,Ruffy,TRUE,P17
Minecraft,3,3,3,4,2,4,0,-1,-2,Petit,TRUE,A15
Minecraft,4,2,3,4,2,5,2,-1,-3,Diaz,TRUE,P16
Minecraft,4,2,2,3,4,2,2,-1,2,C,TRUE,P19
Minecraft,3,1,3,3,3,5,2,0,-2,Dury,TRUE,P17
Minecraft,4,2,4,3,3,2,2,1,1,Chenesseau,TRUE,A15
Minecraft,4,0,4,3,3,5,4,1,-2,Barbier,TRUE,P17
Minecraft,4,1,3,2,3,5,3,1,-2,Cousin,TRUE,P16
Minecraft,4,1,3,2,1,5,3,1,-4,Leroy,TRUE,P16
Minecraft,3,0,3,2,3,5,3,1,-2,MT,TRUE,P16
Minecraft,4,0,4,1,1,4,4,3,-3,Haberer,TRUE,A15
Minecraft,4,3,4,1,2,5,1,3,-3,Capron,TRUE,P17
Minecraft,3,1,5,2,4,3,2,3,1,Roblot,TRUE,P16
Minecraft,3,0,3,0,2,4,3,3,-2,Roquin,TRUE,P16
MotsCroisés,0,0,4,4,5,0,0,0,5,Sallez,FALSE,A15
MotsCroisés,0,0,4,4,5,0,0,0,5,MT,FALSE,P16
MotsCroisés,0,0,4,3,5,0,0,1,5,Riflart,FALSE,A15
MotsCroisés,0,0,3,2,5,0,0,1,5,Roblot,FALSE,P16
MotsCroisés,0,0,3,1,5,0,0,2,5,Petit,FALSE,A15
MotsCroisés,0,0,4,2,5,0,0,2,5,Dury,FALSE,P17
MotsCroisés,0,1,4,2,4,0,-1,2,4,Ruffy,FALSE,P17
MotsCroisés,0,0,4,2,5,0,0,2,5,Leroy,FALSE,P16
MotsCroisés,0,0,3,1,4,0,0,2,4,Schneider,FALSE,P19
MotsCroisés,0,0,4,2,5,1,0,2,4,Milleret,FALSE,A15
MotsCroisés,0,0,5,2,5,0,0,3,5,Edus,FALSE,A15
MotsCroisés,0,0,4,1,3,0,0,3,3,Barbier,FALSE,P17
MotsCroisés,0,0,5,2,4,0,0,3,4,Diaz,FALSE,P16
MotsCroisés,0,0,5,2,5,0,0,3,5,Roquin,FALSE,P16
MotsCroisés,0,0,5,1,5,0,0,4,5,Chenesseau,FALSE,A15
MotsCroisés,1,1,5,1,5,0,0,4,5,Cousin,FALSE,P16
MotsCroisés,0,0,5,0,5,5,0,5,0,Haberer,FALSE,A15
MotsCroisés,0,2,5,0,5,0,-2,5,5,B,FALSE,P19
MotsCroisés,0,0,5,0,5,0,0,5,5,C,FALSE,P19
NFS,3,4,3,2,4,1,-1,1,3,Haberer,TRUE,A15
NFS,3,4,4,3,5,1,-1,1,4,Cousin,TRUE,P16
NFS,4,2,3,2,4,2,2,1,2,Leroy,TRUE,P16
NFS,3,3,3,2,4,3,0,1,1,Roquin,TRUE,P16
NFS,3,1,3,2,2,4,2,1,-2,Schneider,TRUE,P19
NFS,4,5,4,3,4,4,-1,1,0,B,TRUE,P19
NFS,4,4,4,3,4,2,0,1,2,C,TRUE,P19
NFS,5,3,4,2,4,0,2,2,4,Bardwell,TRUE,A15
NFS,4,5,5,3,3,2,-1,2,1,Edus,TRUE,A15
NFS,3,3,4,2,4,1,0,2,3,Petit,TRUE,A15
NFS,3,2,4,2,3,2,1,2,1,Barbier,TRUE,P17
NFS,4,1,4,2,3,3,3,2,0,Capron,TRUE,P17
NFS,3,4,4,2,4,1,-1,2,3,Ruffy,TRUE,P17
NFS,2,4,4,1,4,3,-2,3,1,Boulmier,TRUE,A15
NFS,4,3,5,2,4,2,1,3,2,Diaz,TRUE,P16
NFS,3,4,4,1,4,1,-1,3,3,MT,TRUE,P16
NFS,3,4,4,0,5,0,-1,4,5,Riflart,TRUE,A15
NFS,3,4,5,1,5,1,-1,4,4,Roblot,TRUE,P16
NFS,3,5,5,0,5,2,-2,5,3,Chenesseau,TRUE,A15
Pari,0,3,1,5,5,0,-3,-4,5,Haberer,FALSE,A15
Pari,2,3,0,4,5,0,-1,-4,5,Cousin,FALSE,P16
Pari,0,1,1,5,5,0,-1,-4,5,Diaz,FALSE,P16
Pari,0,1,1,5,5,0,-1,-4,5,MT,FALSE,P16
Pari,0,1,1,4,4,1,-1,-3,3,Riflart,FALSE,A15
Pari,1,4,1,3,4,0,-3,-2,4,Bardwell,FALSE,A15
Pari,0,4,2,4,5,1,-4,-2,4,Barbier,FALSE,P17
Pari,0,2,2,4,5,3,-2,-2,2,Capron,FALSE,P17
Pari,1,4,3,5,4,2,-3,-2,2,Ruffy,FALSE,P17
Pari,0,3,3,5,5,0,-3,-2,5,Leroy,FALSE,P16
Pari,0,3,2,4,5,0,-3,-2,5,Roquin,FALSE,P16
Pari,1,3,2,3,3,1,-2,-1,2,Sallez,FALSE,A15
Pari,0,4,3,4,4,2,-4,-1,2,Roblot,FALSE,P16
PileOuFace,0,5,0,5,5,0,-5,-5,5,Bardwell,FALSE,A15
PileOuFace,0,2,0,5,5,2,-2,-5,3,Chenesseau,FALSE,A15
PileOuFace,0,0,0,5,5,1,0,-5,4,Edus,FALSE,A15
PileOuFace,0,0,0,5,5,0,0,-5,5,Gaye,FALSE,A15
PileOuFace,0,0,0,5,5,0,0,-5,5,Haberer,FALSE,A15
PileOuFace,0,0,0,5,0,2,0,-5,-2,Petit,FALSE,A15
PileOuFace,0,1,0,5,5,0,-1,-5,5,Riflart,FALSE,A15
PileOuFace,0,0,0,5,5,0,0,-5,5,Sallez,FALSE,A15
PileOuFace,0,1,0,5,5,0,-1,-5,5,Barbier,FALSE,P17
PileOuFace,0,1,0,5,5,0,-1,-5,5,Capron,FALSE,P17
PileOuFace,0,3,0,5,5,0,-3,-5,5,Ruffy,FALSE,P17
PileOuFace,0,0,0,5,5,1,0,-5,4,Cousin,FALSE,P16
PileOuFace,0,0,0,5,5,0,0,-5,5,Leroy,FALSE,P16
PileOuFace,0,0,0,5,5,0,0,-5,5,MT,FALSE,P16
PileOuFace,0,0,0,5,4,0,0,-5,4,Roblot,FALSE,P16
PileOuFace,0,1,0,5,5,0,-1,-5,5,Roquin,FALSE,P16
PileOuFace,0,3,0,5,5,0,-3,-5,5,Monserand,FALSE,P19
PileOuFace,0,0,0,5,5,0,0,-5,5,Schneider,FALSE,P19
PileOuFace,0,3,0,5,5,1,-3,-5,4,A,FALSE,P19
PileOuFace,0,5,0,5,5,0,-5,-5,5,B,FALSE,P19
PileOuFace,0,1,0,5,5,0,-1,-5,5,C,FALSE,P19
PileOuFace,0,1,0,5,5,0,-1,-5,5,D,FALSE,P19
PileOuFace,0,1,0,5,5,0,-1,-5,5,E,FALSE,P19
PileOuFace,0,0,0,5,5,0,0,-5,5,F,FALSE,P19
PileOuFace,0,3,1,5,1,2,-3,-4,-1,Milleret,FALSE,A15
PileOuFace,0,1,1,5,5,0,-1,-4,5,Diaz,FALSE,P16
PileOuFace,0,3,2,5,5,0,-3,-3,5,Jannin,FALSE,P17
PokemonGO,5,1,1,5,4,0,4,-4,4,Monserand,TRUE,P19
PokemonGO,4,1,0,4,4,1,3,-4,3,A,TRUE,P19
PokemonGO,4,3,1,4,4,0,1,-3,4,C,TRUE,P19
PokemonGO,5,2,2,5,3,2,3,-3,1,D,TRUE,P19
PokemonGO,4,1,2,4,4,0,3,-2,4,Schneider,TRUE,P19
PokemonGO,4,3,2,4,3,3,1,-2,0,B,TRUE,P19
PokemonGO,4,1,4,3,3,3,3,1,0,E,TRUE,P19
Poupée,4,0,0,4,1,4,4,-4,-3,Chenesseau,FALSE,A15
Poupée,5,0,0,3,3,4,5,-3,-1,Riflart,FALSE,A15
Poupée,5,0,0,3,1,5,5,-3,-4,Sallez,FALSE,A15
Poupée,5,0,0,3,0,5,5,-3,-5,Barbier,FALSE,P17
Poupée,5,1,0,2,0,4,4,-2,-4,Cousin,FALSE,P16
Poupée,4,0,1,2,1,4,4,-1,-3,Ruffy,FALSE,P17
Poupée,4,0,0,1,0,3,4,-1,-3,MT,FALSE,P16
Poupée,5,2,0,1,0,4,3,-1,-4,Roblot,FALSE,P16
Poupée,5,0,0,0,0,4,5,0,-4,Haberer,FALSE,A15
Poupée,5,0,0,0,0,5,5,0,-5,Capron,FALSE,P17
Poupée,5,0,0,0,0,5,5,0,-5,Diaz,FALSE,P16
Poupée,4,0,0,0,0,5,4,0,-5,Leroy,FALSE,P16
Poupée,5,0,0,0,0,4,5,0,-4,Roquin,FALSE,P16
Poupée,5,0,0,0,0,5,5,0,-5,C,FALSE,P19
Réussite,0,0,3,3,4,0,0,0,4,Milleret,FALSE,A15
Réussite,0,0,4,2,5,0,0,2,5,Riflart,FALSE,A15
Roulette,0,3,0,5,5,0,-3,-5,5,Haberer,FALSE,A15
Roulette,0,3,0,5,4,0,-3,-5,4,Milleret,FALSE,A15
Roulette,0,1,0,5,5,0,-1,-5,5,Riflart,FALSE,A15
Roulette,0,3,0,5,5,0,-3,-5,5,Sallez,FALSE,A15
Roulette,0,3,0,5,5,0,-3,-5,5,Barbier,FALSE,P17
Roulette,0,3,0,5,4,0,-3,-5,4,Capron,FALSE,P17
Roulette,0,2,0,5,5,0,-2,-5,5,Cousin,FALSE,P16
Roulette,0,1,0,5,5,0,-1,-5,5,MT,FALSE,P16
Roulette,0,2,0,5,5,0,-2,-5,5,Roquin,FALSE,P16
Roulette,0,5,0,5,5,0,-5,-5,5,C,FALSE,P19
Roulette,0,1,1,5,5,0,-1,-4,5,Diaz,FALSE,P16
Roulette,0,3,1,5,5,1,-3,-4,4,Leroy,FALSE,P16
Roulette,1,3,2,5,3,2,-2,-3,1,Jannin,FALSE,P17
Roulette,1,4,2,5,4,0,-3,-3,4,Ruffy,FALSE,P17
Roulette,0,3,3,5,5,0,-3,-2,5,Roblot,FALSE,P16
SimCity,5,0,1,2,5,3,5,-1,2,Capron,TRUE,P17
SimCity,5,1,2,3,4,2,4,-1,2,Roblot,TRUE,P16
SimCity,4,0,2,2,4,1,4,0,3,Barbier,TRUE,P17
SimCity,4,0,4,3,4,0,4,1,4,Chenesseau,TRUE,A15
SimCity,4,1,4,3,5,3,3,1,2,Cousin,TRUE,P16
SimCity,3,1,2,1,5,3,2,1,2,Diaz,TRUE,P16
SimCity,3,0,2,1,3,2,3,1,1,Leroy,TRUE,P16
SimCity,3,0,3,2,5,0,3,1,5,MT,TRUE,P16
SimCity,4,0,4,2,4,2,4,2,2,Haberer,TRUE,A15
SimCity,4,1,4,2,4,3,3,2,1,Ruffy,TRUE,P17
SimCity,4,1,3,1,4,0,3,2,4,Roquin,TRUE,P16
Sims,5,0,1,3,3,3,5,-2,0,Chenesseau,TRUE,A15
Sims,5,0,1,3,2,4,5,-2,-2,Edus,TRUE,A15
Sims,5,0,0,2,2,4,5,-2,-2,Barbier,TRUE,P17
Sims,5,1,0,2,4,2,4,-2,2,Roblot,TRUE,P16
Sims,4,0,1,2,4,3,4,-1,1,Petit,TRUE,A15
Sims,5,0,1,2,3,5,5,-1,-2,Capron,TRUE,P17
Sims,5,1,2,3,4,3,4,-1,1,Leroy,TRUE,P16
Sims,5,0,0,1,3,4,5,-1,-1,C,TRUE,P19
Sims,5,0,2,2,5,3,5,0,2,Ruffy,TRUE,P17
Sims,5,2,3,3,3,5,3,0,-2,Cousin,TRUE,P16
Sims,5,1,2,2,3,4,4,0,-1,Diaz,TRUE,P16
Sims,5,0,1,1,3,5,5,0,-2,MT,TRUE,P16
Sims,5,0,4,3,2,4,5,1,-2,Roquin,TRUE,P16
Sims,4,0,4,2,3,0,4,2,3,Haberer,TRUE,A15
Ski,2,4,3,3,2,3,-2,0,-1,Bardwell,FALSE,A15
Ski,0,4,3,3,2,3,-4,0,-1,Riflart,FALSE,A15
Ski,2,5,3,3,1,2,-3,0,-1,Sallez,FALSE,A15
Ski,1,4,2,2,3,2,-3,0,1,MT,FALSE,P16
Ski,1,4,4,3,2,4,-3,1,-2,Capron,FALSE,P17
Ski,1,4,4,3,2,4,-3,1,-2,Diaz,FALSE,P16
Ski,0,4,3,1,5,3,-4,2,2,Barbier,FALSE,P17
Ski,0,4,3,1,1,2,-4,2,-1,Jannin,FALSE,P17
Ski,0,4,4,2,3,3,-4,2,0,Ruffy,FALSE,P17
Ski,0,5,4,2,3,3,-5,2,0,Roblot,FALSE,P16
Ski,2,4,4,2,1,4,-2,2,-3,Roquin,FALSE,P16
Ski,0,5,5,2,1,0,-5,3,1,Haberer,FALSE,A15
Ski,1,3,5,2,2,4,-2,3,-2,Cousin,FALSE,P16
Ski,0,3,4,1,1,4,-3,3,-3,Leroy,FALSE,P16
Ski,2,5,4,1,3,3,-3,3,0,C,FALSE,P19
Skyrim,5,3,2,2,5,2,2,0,3,Chenesseau,TRUE,A15
Skyrim,4,2,2,2,4,4,2,0,0,Petit,TRUE,A15
Skyrim,4,3,3,3,4,3,1,0,1,Ruffy,TRUE,P17
Skyrim,5,1,3,3,4,3,4,0,1,Diaz,TRUE,P16
Skyrim,4,0,3,3,4,5,4,0,-1,MT,TRUE,P16
Skyrim,5,2,2,2,5,4,3,0,1,Roblot,TRUE,P16
Skyrim,5,2,3,3,4,5,3,0,-1,B,TRUE,P19
Skyrim,4,2,2,2,3,4,2,0,-1,C,TRUE,P19
Skyrim,5,3,4,3,5,0,2,1,5,Riflart,TRUE,A15
Skyrim,5,1,4,3,2,2,4,1,0,Roquin,TRUE,P16
Skyrim,5,1,4,2,1,3,4,2,-2,Bardwell,TRUE,A15
Skyrim,5,3,4,2,4,4,2,2,0,Boulmier,TRUE,A15
Skyrim,5,5,3,1,3,2,0,2,1,Edus,TRUE,A15
Skyrim,5,1,3,1,2,3,4,2,-1,Haberer,TRUE,A15
Skyrim,4,2,4,2,3,5,2,2,-2,Barbier,TRUE,P17
Skyrim,5,3,4,2,4,5,2,2,-1,Capron,TRUE,P17
Skyrim,5,3,5,3,5,5,2,2,0,Cousin,TRUE,P16
Skyrim,5,2,4,2,4,3,3,2,1,Leroy,TRUE,P16
SMB,1,2,3,1,5,2,-1,2,3,Leroy,TRUE,P16
SMB,3,3,4,1,5,0,0,3,5,Classe,TRUE,A15
SMB,3,3,4,1,5,1,0,3,4,Barbier,TRUE,P17
SMB,3,3,4,1,5,2,0,3,3,Belbachir,TRUE,P17
SMB,3,3,4,1,5,1,0,3,4,Capron,TRUE,P17
SMB,3,4,5,2,5,2,-1,3,3,MT,TRUE,P16
SMB,4,2,3,0,5,0,2,3,5,Roblot,TRUE,P16
SMB,3,3,4,1,5,0,0,3,5,Roquin,TRUE,P16
SMB,3,3,4,0,4,1,0,4,3,Ruffy,TRUE,P17
SMB,4,3,4,0,5,0,1,4,5,Diaz,TRUE,P16
SMB,2,3,5,0,4,0,-1,5,4,Haberer,TRUE,A15
SMB,3,3,5,0,5,0,0,5,5,Cousin,TRUE,P16
SMB,3,3,4,1,5,3,0,3,2,Monserand,TRUE,P19
SMB,3,2,4,1,4,1,1,3,3,Schneider,TRUE,P19
SMB,3,3,4,1,5,0,0,3,5,A,TRUE,P19
SMB,3,3,4,1,5,3,0,3,2,B,TRUE,P19
SMB,3,3,4,1,5,0,0,3,5,C,TRUE,P19
SMB,3,3,4,1,5,3,0,3,2,D,TRUE,P19
SMB,3,2,4,1,4,1,1,3,3,E,TRUE,P19
SMB,3,3,4,1,5,0,0,3,5,F,TRUE,P19
Solitaire,0,0,2,5,5,0,0,-3,5,Barbier,TRUE,P17
Solitaire,0,1,1,4,4,0,-1,-3,4,Ruffy,TRUE,P17
Solitaire,0,0,2,5,5,0,0,-3,5,MT,TRUE,P16
Solitaire,0,0,1,4,5,0,0,-3,5,Roblot,TRUE,P16
Solitaire,0,1,2,4,5,0,-1,-2,5,Bardwell,TRUE,A15
Solitaire,0,0,1,3,5,0,0,-2,5,Haberer,TRUE,A15
Solitaire,0,0,3,5,5,0,0,-2,5,Cousin,TRUE,P16
Solitaire,0,0,2,4,5,0,0,-2,5,Leroy,TRUE,P16
Solitaire,1,0,3,5,5,0,1,-2,5,Schneider,TRUE,P19
Solitaire,1,0,2,4,5,1,1,-2,4,B,TRUE,P19
Solitaire,1,0,3,4,5,2,1,-1,3,Chenesseau,TRUE,A15
Solitaire,0,0,3,4,4,0,0,-1,4,Petit,TRUE,A15
Solitaire,0,0,4,5,5,0,0,-1,5,Sallez,TRUE,A15
Solitaire,0,0,0,1,5,1,0,-1,4,Belbachir,TRUE,P17
Solitaire,0,0,3,4,4,0,0,-1,4,Capron,TRUE,P17
Solitaire,0,0,4,5,5,0,0,-1,5,Diaz,TRUE,P16
Solitaire,0,0,3,4,5,0,0,-1,5,Monserand,TRUE,P19
Solitaire,0,0,3,3,5,0,0,0,5,Roquin,TRUE,P16
Solitaire,1,0,3,3,5,0,1,0,5,A,TRUE,P19
Solitaire,0,0,3,3,5,0,0,0,5,E,TRUE,P19
Solitaire,1,0,3,3,5,0,1,0,5,F,TRUE,P19
Solitaire,0,0,4,3,5,0,0,1,5,Boulmier,TRUE,A15
Solitaire,1,0,4,3,5,1,1,1,4,C,TRUE,P19
Solitaire,0,1,4,3,4,0,-1,1,4,D,TRUE,P19
Solitaire,0,0,5,3,5,0,0,2,5,Edus,TRUE,A15
Solitaire,0,0,4,2,5,0,0,2,5,Riflart,TRUE,A15
Solitaire,0,0,4,1,5,0,0,3,5,Riflart,TRUE,A15
SpaceInvaders,2,4,4,1,5,0,-2,3,5,Diaz,TRUE,P16
SpaceInvaders,2,4,4,1,5,0,-2,3,5,Leroy,TRUE,P16
SpaceInvaders,2,1,4,1,5,0,1,3,5,Roquin,TRUE,P16
SpaceInvaders,2,3,4,0,5,0,-1,4,5,Roblot,TRUE,P16
SpaceInvaders,1,4,5,0,5,0,-3,5,5,Haberer,TRUE,A15
SpaceInvaders,1,4,5,0,5,0,-3,5,5,Cousin,TRUE,P16
SpaceInvaders,2,4,5,0,5,1,-2,5,4,MT,TRUE,P16
Tetris,0,0,2,5,3,1,0,-3,2,Schneider,TRUE,P19
Tetris,0,3,3,4,4,2,-3,-1,2,Capron,TRUE,P17
Tetris,0,1,3,3,5,0,-1,0,5,C,TRUE,P19
Tetris,0,5,5,4,5,0,-5,1,5,Haberer,TRUE,A15
Tetris,0,4,4,3,4,0,-4,1,4,Barbier,TRUE,P17
Tetris,0,3,4,3,5,1,-3,1,4,Leroy,TRUE,P16
Tetris,1,4,5,4,4,2,-3,1,2,Roblot,TRUE,P16
Tetris,0,4,4,2,5,1,-4,2,4,Boulmier,TRUE,A15
Tetris,0,4,5,3,5,0,-4,2,5,Petit,TRUE,A15
Tetris,0,4,4,2,5,2,-4,2,3,Ruffy,TRUE,P17
Tetris,0,4,4,2,5,1,-4,2,4,Cousin,TRUE,P16
Tetris,0,3,5,3,5,1,-3,2,4,Diaz,TRUE,P16
Tetris,0,1,4,2,5,2,-1,2,3,Roquin,TRUE,P16
Tetris,0,4,5,2,5,0,-4,3,5,Riflart,TRUE,A15
Tetris,0,4,5,2,3,1,-4,3,2,Belbachir,TRUE,P17
Tetris,0,5,5,2,5,0,-5,3,5,MT,TRUE,P16
Tetris,0,3,5,1,5,0,-3,4,5,Chenesseau,TRUE,A15
Théâtre,4,2,0,3,3,4,2,-3,-1,Sallez,FALSE,A15
Théâtre,5,1,0,1,2,2,4,-1,0,Bardwell,FALSE,A15
Théâtre,5,1,0,1,4,1,4,-1,3,Boulmier,FALSE,A15
Théâtre,5,1,0,1,4,2,4,-1,2,Riflart,FALSE,A15
Théâtre,5,0,0,1,3,1,5,-1,2,MT,FALSE,P16
Théâtre,5,2,0,1,4,2,3,-1,2,Roblot,FALSE,P16
Théâtre,5,3,0,1,5,0,2,-1,5,Roquin,FALSE,P16
Théâtre,5,3,3,3,2,3,2,0,-1,Milleret,FALSE,A15
Théâtre,5,0,2,2,4,3,5,0,1,Cousin,FALSE,P16
Théâtre,5,0,0,0,3,1,5,0,2,Diaz,FALSE,P16
Théâtre,5,0,0,0,4,4,5,0,0,Monserand,FALSE,P19
Théâtre,5,0,3,2,4,1,5,1,3,Gaye,FALSE,A15
Théâtre,5,1,3,2,2,3,4,1,-1,Haberer,FALSE,A15
Théâtre,5,1,3,2,4,2,4,1,2,Jannin,FALSE,P17
Théâtre,5,2,1,0,4,3,3,1,1,Leroy,FALSE,P16
Théâtre,5,3,4,3,2,5,2,1,-3,Schneider,FALSE,P19
Théâtre,5,1,3,2,2,2,4,1,0,C,FALSE,P19
Théâtre,5,4,4,3,3,2,1,1,1,D,FALSE,P19
Théâtre,5,0,2,0,5,1,5,2,4,Capron,FALSE,P17
Théâtre,5,2,3,1,4,2,3,2,2,Ruffy,FALSE,P17
Théâtre,5,0,4,2,5,1,5,2,4,B,FALSE,P19
Théâtre,5,0,3,0,4,1,5,3,3,Barbier,FALSE,P17
Théâtre,5,2,3,0,4,2,3,3,2,E,FALSE,P19
Théâtre,5,1,4,1,2,2,4,3,0,F,FALSE,P19
Théâtre,5,2,4,0,4,1,3,4,3,Belbachir,FALSE,P17
Théâtre,5,3,4,0,4,2,2,4,2,A,FALSE,P19
Tournis,0,5,0,4,0,5,-5,-4,-5,Haberer,FALSE,A15
Tournis,0,5,0,4,0,4,-5,-4,-4,Riflart,FALSE,A15
Tournis,1,5,0,2,0,5,-4,-2,-5,Sallez,FALSE,A15
Tournis,0,4,0,2,0,5,-4,-2,-5,Barbier,FALSE,P17
Tournis,0,5,0,1,0,5,-5,-1,-5,Capron,FALSE,P17
Tournis,0,4,0,1,1,5,-4,-1,-4,MT,FALSE,P16
Tournis,0,5,2,3,1,5,-5,-1,-4,Roblot,FALSE,P16
Tournis,0,3,0,0,1,3,-3,0,-2,Belbachir,FALSE,P17
Tournis,0,4,1,1,1,4,-4,0,-3,Ruffy,FALSE,P17
Tournis,1,5,3,3,2,3,-4,0,-1,Cousin,FALSE,P16
Tournis,0,5,0,0,0,5,-5,0,-5,Roquin,FALSE,P16
Tournis,0,4,1,0,0,4,-4,1,-4,Leroy,FALSE,P16
Tournis,0,5,2,0,1,3,-5,2,-2,Diaz,FALSE,P16
Travesti,5,0,0,3,1,5,5,-3,-4,Sallez,FALSE,A15
Travesti,4,1,1,3,0,3,3,-2,-3,Boulmier,FALSE,A15
Travesti,5,0,0,0,1,4,5,0,-3,Haberer,FALSE,A15
Vacarme,0,2,0,5,0,5,-2,-5,-5,Bardwell,FALSE,A15
Vacarme,0,2,0,5,0,5,-2,-5,-5,Riflart,FALSE,A15
Vacarme,3,2,0,5,0,5,1,-5,-5,D,FALSE,P19
Vacarme,1,0,0,4,0,5,1,-4,-5,Chenesseau,FALSE,A15
Vacarme,0,5,1,5,0,5,-5,-4,-5,B,FALSE,P19
Vacarme,3,1,0,3,0,5,2,-3,-5,Gaye,FALSE,A15
Vacarme,0,3,0,3,0,5,-3,-3,-5,Milleret,FALSE,A15
Vacarme,3,4,0,3,0,5,-1,-3,-5,Barbier,FALSE,P17
Vacarme,2,4,0,2,0,5,-2,-2,-5,Monserand,FALSE,P19
Vacarme,3,1,0,2,0,5,2,-2,-5,A,FALSE,P19
Vacarme,1,2,0,2,0,5,-1,-2,-5,C,FALSE,P19
Vacarme,1,2,1,3,0,4,-1,-2,-4,F,FALSE,P19
Vacarme,1,1,0,1,0,5,0,-1,-5,Belbachir,FALSE,P17
Vacarme,3,4,0,1,0,5,-1,-1,-5,Capron,FALSE,P17
Vacarme,2,4,0,1,0,5,-2,-1,-5,Ruffy,FALSE,P17
Vacarme,0,1,0,1,0,5,-1,-1,-5,Cousin,FALSE,P16
Vacarme,1,1,0,1,0,5,0,-1,-5,Leroy,FALSE,P16
Vacarme,0,1,0,1,1,5,-1,-1,-4,MT,FALSE,P16
Vacarme,0,2,0,1,0,5,-2,-1,-5,Roblot,FALSE,P16
Vacarme,0,1,0,1,0,5,-1,-1,-5,Roquin,FALSE,P16
Vacarme,1,0,1,2,0,5,1,-1,-5,Schneider,FALSE,P19
Vacarme,1,0,0,1,0,5,1,-1,-5,E,FALSE,P19
Vacarme,3,0,0,0,0,5,3,0,-5,Edus,FALSE,A15
Vacarme,3,2,1,1,0,5,1,0,-5,Petit,FALSE,A15
Vacarme,0,0,0,0,0,5,0,0,-5,Diaz,FALSE,P16
Valse,3,1,3,1,4,1,2,2,3,RECOD,FALSE,A15
Valse,4,2,3,0,4,0,2,3,4,MT,FALSE,P16
Volador,2,5,1,2,1,3,-3,-1,-2,Sallez,FALSE,A15
Volador,0,5,0,0,0,2,-5,0,-2,Haberer,FALSE,A15
Voltige,1,5,2,3,2,4,-4,-1,-2,Capron,FALSE,P17
Voltige,3,5,2,2,2,0,-2,0,2,Sallez,FALSE,A15
Voltige,0,5,3,2,2,4,-5,1,-2,Ruffy,FALSE,P17
Voltige,3,5,4,2,2,3,-2,2,-1,Riflart,FALSE,A15
Voltige,0,4,3,1,1,2,-4,2,-1,Jannin,FALSE,P17
Voltige,0,5,2,0,4,1,-5,2,3,Diaz,FALSE,P16
Voltige,1,5,3,1,3,1,-4,2,2,Leroy,FALSE,P16
Voltige,3,5,3,1,4,0,-2,2,4,Roblot,FALSE,P16
Voltige,0,5,5,2,4,0,-5,3,4,Haberer,FALSE,A15
Voltige,0,4,4,1,2,3,-4,3,-1,Barbier,FALSE,P17
Voltige,1,5,5,2,0,4,-4,3,-4,Belbachir,FALSE,P17
Voltige,1,5,3,0,3,1,-4,3,2,MT,FALSE,P16
Voltige,3,5,5,1,3,1,-2,4,2,Cousin,FALSE,P16
Voltige,2,5,5,1,5,0,-3,4,5,Roquin,FALSE,P16
WalkingDead,2,0,0,2,5,0,2,-2,5,Riflart,TRUE,A15
WalkingDead,5,3,0,2,4,0,2,-2,4,Roblot,TRUE,P16
WalkingDead,4,3,1,1,5,0,1,0,5,Bardwell,TRUE,A15
WalkingDead,5,3,1,0,5,0,2,1,5,Chenesseau,TRUE,A15
WalkingDead,4,1,2,1,5,0,3,1,5,Belbachir,TRUE,P17
WalkingDead,4,2,2,1,4,0,2,1,4,Cousin,TRUE,P16
WalkingDead,5,4,1,0,4,1,1,1,3,Diaz,TRUE,P16
WalkingDead,5,3,2,1,3,2,2,1,1,Roquin,TRUE,P16
WalkingDead,4,1,3,1,4,1,3,2,3,Capron,TRUE,P17
WalkingDead,4,3,2,0,5,2,1,2,3,Ruffy,TRUE,P17
WalkingDead,5,1,2,0,4,3,4,2,1,Leroy,TRUE,P16
WalkingDead,2,0,3,0,5,0,2,3,5,Haberer,TRUE,A15
WalkingDead,5,2,3,0,4,1,3,3,3,MT,TRUE,P16
SuperHexagon,0,4,5,1,5,1,-4,4,4,ADDON,TRUE,NA
JdR,5,1,2,3,4,2,4,-1,2,ADDON,FALSE,NA
LivreHero,5,0,1,5,5,0,5,-4,5,ADDON,FALSE,NA
Lego,3,0,4,0,3,4,3,4,-1,ADDON,FALSE,NA
RouletteRusse,0,5,0,5,5,2,-5,-5,3,ADDON,FALSE,NA
SlayTheSpire,4,2,3,2,5,0,2,1,5,ADDON,TRUE,NA
CultistSim,3,1,2,4,5,1,2,-2,4,ADDON,TRUE,NA
NoMansSky,5,1,2,4,4,3,4,-2,1,ADDON,TRUE,NA
